ddd,Player,1,2,3,4,5,6,7,8,9,10,11,12,13,14,15,16,17,Average,L4,L8,StdDev
QB,Cam Newton,13.5,28.4,32.9,17.1,X,21.8,16.9,20,34.6,21,31.4,17.8,40.1,23,48.6,15.3,32.7,25.94,29.90,28.74,10.00
QB,Tom Brady,27.6,32.2,25.7,X,25.3,26.5,32.7,33.3,18.9,23.3,14.1,23.2,37.8,18,18.7,12.1,5.3,23.42,13.53,19.06,8.64
QB,Drew Brees,20.5,13.1,X,25.4,21.3,19.7,12.8,49.3,35.4,14.4,X,8.1,23.5,23.5,29.7,31.2,19.4,23.15,25.95,21.40,10.33
QB,Blake Bortles,11.9,21.6,17.4,19,32.2,28.9,14,X,26.4,17,12.6,26.5,35.8,27.7,25.3,34.2,6.6,22.32,23.45,23.21,8.64
QB,Ben Roethlisberger,22,33.7,6.7,X,X,X,X,11.5,25.4,31,X,27,36.9,10.9,27.9,5.8,28.8,22.30,18.35,24.04,10.81
QB,Russell Wilson,16.1,23,16.2,17.5,13.6,18.9,13.4,14.6,X,17.8,25.4,38.2,34.1,32.3,26.6,21.5,21.2,21.90,25.40,27.14,7.59
QB,Carson Palmer,28.7,22.2,22.5,20,18.3,21.7,19.2,33.6,X,26.3,29.6,17.4,25.2,23.7,15,17.6,8.2,21.83,16.13,20.38,6.19
QB,Andrew Luck,19.7,12.4,18.5,X,X,31,29,17.7,21.5,X,X,X,X,X,X,X,X,21.40,0.00,0.00,6.53
QB,Geno Smith,X,X,X,X,X,X,X,21,X,X,X,X,X,X,X,X,X,21.00,0.00,0.00,#DIV/0!
QB,Kirk Cousins,9.7,12.1,19.6,21.7,10.9,9.9,34.2,X,11.7,32,9.7,25.2,13.4,25.3,38.9,35.2,19,20.53,29.60,24.84,10.20
QB,Andy Dalton,18.9,21.6,35.3,21.4,31,21.5,X,11.6,21.9,10,26,20.7,23.9,1.4,X,X,X,20.40,1.40,16.40,8.82
QB,Eli Manning,8.5,21,19.2,19.3,32.7,10.8,6.4,41,14.4,25.4,X,20.8,15.1,31.3,25.2,10.4,22.1,20.23,22.25,21.47,9.46
QB,Philip Rivers,24.9,16.1,11.8,29.2,24.6,31.1,30.4,27,15.2,X,6.9,31.9,7.1,9.9,25.4,15.1,16.6,20.20,16.75,16.13,8.80
QB,Aaron Rodgers,23.1,22.3,37.9,16.3,18.5,19.6,X,6.2,37,25.1,19.1,14.4,26.6,19.4,11.1,10.9,14.8,20.14,14.05,17.68,8.65
QB,Tyrod Taylor,15.9,29,24.3,15.5,23.4,X,X,X,15.6,11.5,9.4,27.2,29.2,19,27.3,12.9,18.4,19.90,19.40,19.36,6.77
QB,Marcus Mariota,25,18.2,23.7,X,11.2,8.8,X,X,36.3,8.8,18.1,21.4,40.9,23.4,0.3,X,X,19.68,11.85,18.82,11.59
QB,Matthew Stafford,15.7,20.4,12.6,8.1,8.7,37.9,18.7,11.2,X,16.8,20.4,37.8,18,17.3,22.1,24.1,24.9,19.67,22.10,22.68,8.66
QB,Joe Flacco,2.7,25.6,24.5,9.6,24.6,22.7,15.1,26,X,26.3,14,X,X,X,X,X,X,19.11,0.00,20.15,8.27
QB,Derek Carr,3.2,30.3,23.5,13.8,11.9,X,23.9,32.1,30.3,22.3,7.6,27.7,16.3,13,21.2,16.2,12,19.08,15.60,17.04,8.64
QB,Ryan Fitzpatrick,14.1,17.4,17.6,15.1,X,26.2,21.7,3,18.9,16.7,17.8,29.2,28.8,24.8,16.3,24.1,13.4,19.07,19.65,21.39,6.65
QB,Josh McCown,3.3,X,23.6,26.2,38.5,14.7,10.9,20.2,X,X,X,13.7,X,X,X,X,X,18.89,0.00,13.70,10.78
QB,Jameis Winston,16.2,19.6,13.4,16.7,15.3,X,20.4,19.5,18.4,14.6,29.8,15.5,19.6,13.7,24,19.8,21.4,18.62,19.73,19.80,4.22
QB,Ryan Tannehill,12.7,27.1,18.8,14.3,X,18,27.6,12.9,16.6,16.5,15.8,27,8.5,15.8,15,18,26.7,18.21,18.88,17.91,5.85
QB,Blaine Gabbert,X,X,X,X,X,X,X,X,16.6,X,16.8,19.8,25.3,13.7,13.8,16.9,20.9,17.98,16.33,18.17,3.89
QB,Kellen Moore,X,X,X,X,X,X,X,X,X,X,X,X,X,X,X,6.3,29.4,17.85,17.85,17.85,16.33
QB,Alex Smith,23.2,7.1,19.9,20.9,13.3,16.3,14.5,27.6,X,15.5,13.4,21.7,24.8,14.6,12.5,17.4,18.3,17.56,15.70,17.28,5.25
QB,Matt Ryan,18.6,21.4,23.1,14.1,9.2,19.8,11.7,25.1,19.3,X,20.9,11.1,14.2,6.9,12.8,18.3,23.4,16.87,15.35,15.37,5.51
QB,Matt Schaub,X,X,X,X,X,X,X,X,X,X,X,16.3,17.3,X,X,X,X,16.80,0.00,16.80,0.71
QB,Jay Cutler,15.1,10.2,X,18.2,18.6,23.3,X,19.5,22.6,24.7,11.5,12.9,8.1,23.1,15.3,12.3,15.9,16.75,16.65,15.48,5.20
QB,Brian Hoyer,11.4,X,X,17.3,23.9,24.2,21.9,17.3,X,5.4,X,14.9,24.2,5.1,X,X,13,16.24,9.05,12.52,7.05
QB,Sam Bradford,18.4,10.9,8.5,24.2,22.6,12.4,7.8,X,15.7,13.4,X,X,12.7,13.2,22.8,21.6,22.6,16.20,20.05,17.72,5.72
QB,Brock Osweiler,X,X,X,X,X,X,X,X,X,10.6,18.4,14.2,9.7,16.3,30.7,16.5,10.3,15.84,18.45,15.84,6.83
QB,Colin Kaepernick,10.7,30.5,9.3,11.1,20.8,25.6,5,9.3,X,X,X,X,X,X,X,X,X,15.29,0.00,0.00,9.14
QB,EJ Manuel,X,X,X,X,X,21.7,20.7,X,X,X,X,X,X,X,0.6,X,X,14.33,0.60,0.60,11.90
QB,Teddy Bridgewater,9.8,18.2,3.7,16.1,X,11.5,22.7,12.6,14.5,11.9,20.1,5.7,3.9,19.7,32.9,11.9,3.2,13.65,16.93,13.66,7.96
QB,Peyton Manning,5.9,21.2,22.9,10.3,8.6,12.6,X,15.6,17.2,X,X,X,X,X,X,X,2.6,12.99,2.60,2.60,6.85
QB,Tony Romo,27.1,8,X,X,X,X,X,X,X,X,15.3,1.2,X,X,X,X,X,12.90,0.00,8.25,11.08
QB,Matt Hasselbeck,X,X,X,15.4,16.2,X,X,X,X,X,15.3,23.3,7.9,10.1,9,4,X,12.65,7.70,11.60,6.07
QB,Mark Sanchez,X,X,X,X,X,X,X,X,X,5.6,16.8,15.4,X,X,X,X,X,12.60,0.00,12.60,6.10
QB,Johnny Manziel,11.8,15,X,X,X,X,1.6,0.6,13.8,21.6,X,X,X,15.3,11.1,18.2,X,12.11,14.87,16.55,7.01
QB,Matt McGloin,11.7,X,X,X,X,X,X,X,X,X,X,X,X,X,X,X,X,11.70,0.00,0.00,#DIV/0!
QB,Brandon Weeden,X,7.6,8.3,14.3,8.3,X,X,X,X,X,X,X,X,X,8.8,22.1,X,11.57,15.45,15.45,5.71
QB,Josh Freeman,X,X,X,X,X,X,X,X,X,X,X,X,X,X,X,X,11.4,11.40,11.40,11.40,#DIV/0!
QB,Ryan Mallett,10.5,19.4,12,5,1,X,X,X,X,X,X,X,X,X,X,15,14.1,11.00,14.55,14.55,6.24
QB,Nick Foles,21,10.1,7.9,18.7,5.8,X,6.3,13.3,6.9,7,X,6.3,4.6,X,X,X,X,9.81,0.00,5.97,5.52
QB,A.J. McCarron,X,X,X,X,X,X,X,X,X,X,X,0.1,0.8,18,11.9,13.1,14.6,9.75,14.40,9.75,7.49
QB,Case Keenum,X,X,X,X,X,X,X,X,X,X,7.4,X,X,4.2,17.1,8.5,9.4,9.32,9.80,9.32,4.77
QB,Jimmy Clausen,X,3.3,3.8,X,X,X,X,X,X,X,X,X,X,9.8,20.2,X,X,9.28,15.00,15.00,7.86
QB,Matt Cassel,X,X,X,X,X,X,10.5,8.2,24.7,6.6,X,10.6,8.6,4.2,0.5,X,X,9.24,2.35,6.10,7.10
QB,Colt McCoy,X,X,X,X,X,X,X,X,X,X,X,X,X,X,X,X,8.8,8.80,8.80,8.80,#DIV/0!
QB,Zach Mettenberger,X,X,X,X,X,2.9,9.5,4.8,X,X,X,X,X,X,16.2,11.4,6.9,8.62,11.50,11.50,4.82
QB,Austin Davis,X,X,X,X,X,X,X,X,X,X,X,7.8,7.6,X,X,X,8.8,8.07,8.80,8.07,0.64
QB,Alex Tanney,X,X,X,X,X,X,X,X,X,X,X,X,X,X,X,X,8,8.00,8.00,8.00,#DIV/0!
QB,Michael Vick,X,X,1.3,12.3,13.5,4.9,X,X,X,X,X,X,X,X,X,X,X,8.00,0.00,0.00,5.87
QB,Luke McCown,X,X,14.4,X,X,X,1,X,X,X,X,X,X,X,X,X,X,7.70,0.00,0.00,9.48
QB,Landry Jones,X,X,X,X,X,14.6,9.2,X,3.2,0.9,X,X,X,X,X,X,X,6.98,0.00,0.90,6.17
QB,Ryan Nassib,X,X,X,X,X,X,X,X,X,X,X,X,X,X,X,6.7,X,6.70,6.70,6.70,#DIV/0!
QB,Kellen Clemens,X,X,6.5,X,X,X,X,X,X,X,X,X,X,X,X,X,X,6.50,0.00,0.00,#DIV/0!
QB,Ryan Griffin,2.8,X,X,X,X,X,X,X,X,6.6,2.6,17.2,11.9,3,5,2.3,5.7,6.34,4.00,6.79,5.06
QB,Ryan Lindley,X,X,X,X,X,X,X,X,X,X,X,X,X,X,X,X,6.3,6.30,6.30,6.30,#DIV/0!
QB,T.J. Yates,X,X,X,X,X,X,X,X,X,6.6,15.7,X,X,0.2,2.4,X,X,6.23,1.30,6.23,6.85
QB,Dan Orlovsky,X,X,X,X,10.6,X,X,0.4,X,X,X,X,X,X,X,X,X,5.50,0.00,0.00,7.21
QB,Charlie Whitehurst,X,X,X,X,X,X,X,X,X,X,X,X,2,X,0.5,3,X,1.83,1.75,1.83,1.26
QB,Sean Mannion,X,X,X,X,X,X,X,X,X,X,X,1.2,X,X,X,X,X,1.20,0.00,1.20,#DIV/0!
QB,Drew Stanton,X,X,X,X,0.1,X,X,X,X,X,X,X,X,X,X,X,1.4,0.75,1.40,1.40,0.92
QB,Derek Anderson,X,X,X,X,X,X,X,X,X,X,0.2,X,X,1.2,X,X,X,0.70,1.20,0.70,0.71
QB,Tarvaris Jackson,X,X,X,X,X,X,X,X,X,X,X,X,X,0.1,X,X,0.9,0.50,0.50,0.50,0.57
QB,Shaun Hill,X,X,X,X,X,X,X,X,0.5,X,X,X,X,X,X,X,X,0.50,0.00,0.00,#DIV/0!
QB,Matt Moore,X,X,X,X,X,X,0.4,X,X,X,X,X,X,X,X,X,X,0.40,0.00,0.00,#DIV/0!
QB,Scott Tolzien,X,X,X,X,X,X,X,X,X,X,X,X,X,X,X,0.2,X,0.20,0.20,0.20,#DIV/0!
QB,Jimmy Garoppolo,X,X,X,X,X,X,X,X,X,X,X,X,X,X,X,X,0.2,0.20,0.20,0.20,#DIV/0!
QB,Chase Daniel,X,X,X,X,X,X,X,0.2,X,X,X,X,X,X,X,X,X,0.20,0.00,0.00,#DIV/0!
RB,Devonta Freeman,7.7,15.9,45.3,37.9,35.7,38.6,18,19.1,21.9,X,4.3,X,20.3,8.2,23.1,18,16.4,22.03,16.43,15.05,12.19
RB,Jamaal Charles,21.3,23.7,31.2,20.5,9.4,X,X,X,X,X,X,X,X,X,X,X,X,21.22,0.00,0.00,7.84
RB,Le'Veon Bell,X,X,26.2,31,25.7,8.8,20.7,7.8,X,X,X,X,X,X,X,X,X,20.03,0.00,0.00,9.66
RB,Arian Foster,X,X,X,5.5,20.8,22.2,29.5,X,X,X,X,X,X,X,X,X,X,19.50,0.00,0.00,10.08
RB,Adrian Peterson,8.2,23.2,27.6,19.4,X,6.7,14,15.9,25.3,32.6,13.1,35.7,6.4,14.6,6.3,21.9,13.8,17.79,14.15,18.05,9.25
RB,Dion Lewis,16,24.8,17.7,X,23.3,6.9,X,23.2,9.3,X,X,X,X,X,X,X,X,17.31,0.00,0.00,7.08
RB,Mark Ingram,20.2,13.8,20.9,18.8,9.4,20.6,25.8,15.9,13.6,12.8,X,15.7,19.9,X,X,X,X,17.28,0.00,16.13,4.54
RB,Todd Gurley,X,X,2.4,21.1,18.9,X,35.3,26.6,19.9,17.9,11.6,4,4.1,30.7,15.9,16.2,X,17.28,20.93,14.34,10.10
RB,Matt Forte,30.6,14.5,7.4,18.5,21.9,19.9,X,10.9,X,X,X,6.3,23.3,12.3,22.4,10.7,20,16.82,16.35,15.83,7.12
RB,DeAngelo Williams,17.2,31.2,0.2,0.5,2,X,2.7,15,41.5,7.9,X,24.7,23.5,23.1,16.6,36.3,4.1,16.43,20.03,19.46,13.48
RB,LeSean McCoy,11.7,14.6,9.6,X,X,17.4,13.4,X,22.9,23.9,24.3,18.1,14.2,14.9,4.7,X,X,15.81,9.80,16.68,5.92
RB,Doug Martin,6.4,10.8,4.6,28.3,39.8,X,23.1,8.8,5.3,14.3,26.5,10.8,16,15.6,10.7,10.5,17.8,15.58,13.65,15.28,9.60
RB,Danny Woodhead,21.2,16.4,7.3,17.8,12.6,12.1,33.1,6.5,23.1,X,2.6,10.7,6.4,4.3,36,18.8,14.2,15.19,18.33,13.29,9.67
RB,Tim Hightower,X,X,X,X,X,X,X,X,X,4.6,X,X,0.2,16.5,11.5,34.9,21.7,14.90,21.15,14.90,12.51
RB,Chris Ivory,23,8,X,25.6,X,31.6,13.3,7.1,19.8,14.5,5.5,18.2,10.9,14.7,5.2,8.2,8.1,14.25,9.05,10.66,7.97
RB,David Johnson,12.5,17.5,7.1,17.1,12.6,2.7,4.4,6.8,X,1.8,10.6,10.9,20,17.3,47.9,21.7,8.9,13.74,23.95,17.39,10.94
RB,T.J. Yeldon,9.7,11.3,6.2,15.9,17.3,X,22.4,X,13.1,11.7,11.2,12.2,23.6,7.3,X,X,X,13.49,7.30,13.20,5.42
RB,Darren McFadden,4.5,7.2,9.5,3.1,16.8,X,27.2,17.3,16.2,8.8,20.9,11.6,10.9,14.1,16.3,10.8,18.5,13.36,14.93,13.99,6.29
RB,Lamar Miller,8.5,9.2,9.5,4.6,X,22.8,X,14.4,33.1,21.3,7.5,4.3,14.8,20.9,4.4,17.7,7.3,13.35,12.58,12.28,8.39
RB,Latavius Murray,15,17.7,24.9,9.1,8.7,X,15.6,15.9,10.5,12.7,8.8,9.2,19.7,2.7,9,22.7,9.6,13.24,11.00,11.80,5.93
RB,Jonathan Stewart,12.1,6.9,5.2,5,X,21.6,15.5,14.3,7.8,15.1,21.4,10.7,19.3,15.9,X,X,X,13.14,15.90,16.48,5.77
RB,Lance Dunbar,15,8.3,23.5,5.4,X,X,X,X,X,X,X,X,X,X,X,X,X,13.05,0.00,0.00,8.04
RB,Justin Forsett,9.6,12,6.9,18,30,17.1,13.4,8.4,X,10.4,2.6,X,X,X,X,X,X,12.84,0.00,6.50,7.58
RB,DeMarco Murray,18,10.5,X,6.8,25,24.6,9,X,28.1,17.9,12.1,3,2.4,5.7,0.3,14.1,11.9,12.63,8.00,8.43,8.64
RB,Joseph Randle,13.7,7.5,30.5,8.6,11.3,X,2.4,X,X,X,X,X,X,X,X,X,X,12.33,0.00,0.00,9.68
RB,Bilal Powell,9.8,9.4,14.5,2.2,X,0.9,X,X,X,X,13.9,5.5,24.8,19.2,20.9,14,X,12.28,18.03,16.38,7.62
RB,Frank Gore,5.1,6.1,22.4,12.7,15.8,11.4,12.5,12.2,17.2,X,12,5.7,18.4,6.9,6.9,23.5,7.6,12.28,11.23,11.57,5.87
RB,Marshawn Lynch,17.4,9.2,3.3,X,X,12.4,21.2,10.2,X,12,X,X,X,X,X,X,X,12.24,0.00,12.00,5.78
RB,Carlos Hyde,35.2,10.1,7.1,3.2,16.7,8,4,X,X,X,X,X,X,X,X,X,X,12.04,0.00,0.00,11.15
RB,DuJuan Harris,X,X,X,X,X,X,X,X,X,X,X,X,X,3.2,X,9.4,23.3,11.97,11.97,11.97,10.29
RB,Karlos Williams,11.5,11.7,20,16,X,X,X,X,26,12,1.1,0.5,X,X,4.1,16.7,11.7,11.94,10.83,7.68,7.82
RB,Ryan Mathews,11.8,X,22.8,X,18.6,5.6,21.1,X,12.7,12,X,X,X,6.2,6.1,9.8,2.8,11.77,6.23,7.38,6.65
RB,Thomas Rawls,0.5,X,13.4,5.7,25.9,0.8,6.1,1,X,1.9,43.5,14.1,23.3,4.4,X,X,X,11.72,4.40,17.44,13.25
RB,Giovani Bernard,14.8,19.9,11.3,12.2,15.1,14.3,X,5.4,9.6,12.9,25.6,8.7,4.5,9.7,9.1,8.3,5.8,11.70,8.23,10.58,5.49
RB,LeGarrette Blount,X,0.4,28.2,X,7.4,23.4,X,8.4,21.9,15.7,7.1,2.7,5.4,5.3,X,X,X,11.45,5.30,7.24,9.32
RB,James White,X,X,7.4,X,X,X,6,0.3,X,2.1,18.6,2.6,30.9,14,20.7,14.2,8.8,11.42,14.43,13.99,9.34
RB,Charcandrick West,X,X,X,3.1,4.6,3.9,23.9,22.2,X,31.1,8.4,X,6.4,5.4,16.5,7.1,4.2,11.40,8.30,11.30,9.53
RB,Charles Sims,5.5,8.2,13.2,14.3,17.6,X,7.6,7.6,8.2,5.1,15.9,6.9,9.7,13.4,10.2,20.7,17.9,11.38,15.55,12.48,4.84
RB,Theo Riddick,11.7,8.6,14.6,8.6,21.3,10.8,7.8,10.7,X,5.6,13.6,17.8,8.1,13.2,5,15.3,7.3,11.25,10.20,10.74,4.50
RB,Chris Johnson,3.7,7.2,31,12.4,13.3,5.5,21.2,11.9,X,5.8,7.5,1.7,X,X,X,X,X,11.02,0.00,5.00,8.58
RB,Ronnie Hillman,4.1,3.4,8.6,20.8,3.6,17.5,X,18.5,0.1,13.1,14.4,12.9,5.6,13.1,3.8,11.2,23.7,10.90,12.95,12.23,7.05
RB,Jeremy Hill,18.3,3.1,2.1,24,3.5,13.9,X,7.8,6.2,5,16.5,11,15.8,4.4,14.1,8.1,19.5,10.83,11.53,11.80,6.76
RB,Eddie Lacy,17.9,0.9,11.7,10.3,4.5,4,X,11.7,X,X,14.6,25.9,1.1,24.8,2.3,15.8,6.1,10.83,12.25,12.94,8.27
RB,Rashad Jennings,11.2,4.4,8.7,17.2,10.7,10.3,1.9,10.5,5.7,7.1,X,4.8,4.3,12.2,19.7,15.6,28.6,10.81,19.03,13.19,6.86
RB,James Starks,0.2,13.6,6.1,5.9,7.6,27.7,X,3.8,24.2,15.6,5.4,12,11,26.3,5.6,0.1,7.2,10.77,9.80,10.40,8.71
RB,Mike Gillislee,X,X,X,X,X,X,X,X,X,X,X,X,5.6,10,16.3,18.9,1.8,10.52,11.75,10.52,7.14
RB,Duke Johnson,2.2,4.3,9.5,26.6,13.7,8.6,16,9.1,11.8,6.8,X,10,7.2,9.4,13.5,7.1,8.5,10.27,9.63,8.93,5.57
RB,Darren Sproles,19.6,5.9,19.6,1.7,4.7,1.7,9,X,4.6,8.4,14.9,6.5,20,12.5,5.5,13.5,13.4,10.09,11.23,11.84,6.25
RB,Jeremy Langford,0.1,8.1,X,0.4,2.2,9.7,X,4.6,25.2,40.2,13.2,12.3,8.8,9.4,6.7,8.3,1.4,10.04,6.45,12.54,10.46
RB,C.J. Anderson,8.8,3.9,3.7,8,6,10.6,X,20.6,4.8,0.9,9.2,34.3,6.4,X,3,14.1,15,9.95,10.70,11.84,8.52
RB,Shane Vereen,10,17.5,2.3,2.1,25,1.6,7.2,20.3,14.3,4.6,X,7.6,4,2,21.2,4.4,14.4,9.91,10.50,8.31,7.82
RB,Matt Jones,2.8,31.6,2.8,1.1,10.7,X,8.1,X,5.4,30.7,2.2,7.4,6.4,10.6,4.6,X,X,9.57,7.60,10.32,10.05
RB,Spencer Ware,X,X,X,X,X,X,0.8,7.2,X,0.4,23.1,23.5,10.5,5.2,X,1.5,13.6,9.53,6.77,11.11,8.98
RB,Javorius Allen,4.4,1.7,1.2,1.9,5.8,3.1,4.5,6.1,X,3.3,16.5,18.4,38,9.8,0.8,22.4,13,9.43,11.50,15.28,10.13
RB,Khiry Robinson,12,6.7,10,10.1,5.2,6.7,16.1,3.7,X,X,X,X,X,X,X,X,X,8.81,0.00,0.00,4.04
RB,Isaiah Crowell,5.3,13.2,3.6,15.5,16.7,6.1,0.9,3.6,9.4,0.9,X,0.7,7.4,31.4,6,14.8,5.3,8.80,14.38,9.50,8.00
RB,Antonio Andrews,X,X,13.1,X,14.4,3.5,5.7,11.2,12.1,0.8,11.4,5.6,13.8,8,12,X,2.3,8.76,7.43,7.70,4.68
RB,Alfred Blue,5.9,2,22.9,1.7,4.3,X,0.8,12.2,X,4.1,18.2,15.1,1.4,X,12.7,6,14.4,8.69,11.03,10.27,7.12
RB,Shaun Draughn,0.4,X,1.2,1.5,X,X,X,X,13.6,X,15.7,13.6,19.6,7.1,5.2,X,X,8.66,6.15,12.24,7.14
RB,Dexter McCluster,0.8,16.4,5.2,X,2.8,13.2,12.8,7.8,5.7,14.2,3.8,X,X,11,X,X,X,8.52,11.00,9.67,5.24
RB,Andre Ellington,13.6,X,X,X,12.3,7.4,7.9,X,X,17.8,1.7,7.6,X,X,X,5.5,1.9,8.41,3.70,6.90,5.34
RB,Joique Bell,6.1,3.8,7.4,X,X,X,5.5,5.6,X,5.5,5,16.2,5,9.5,18.1,10.2,7.8,8.13,11.40,9.66,4.42
RB,Melvin Gordon,8.7,10.8,5.1,6.6,15.4,1.9,2.9,11.1,8.6,X,5.9,13,6.3,10.3,5.7,X,X,8.02,8.00,8.24,3.82
RB,Travaris Cadet,X,1.2,X,X,X,X,X,X,X,X,X,X,2.2,5.4,7.6,16.5,13.3,7.70,10.70,9.00,6.11
RB,Donald Brown,X,X,X,X,X,X,X,X,1.3,X,X,0.2,6.7,X,12.4,14,11.1,7.62,12.50,8.88,5.86
RB,Ameer Abdullah,19.4,2.8,12.2,6.4,2.5,9.9,4.3,0.3,X,3.2,5.6,8.5,6.7,6.4,15.9,8.8,6.1,7.44,9.30,7.65,5.03
RB,Ahmad Bradshaw,X,X,X,X,X,2.6,2.3,3.1,8.1,X,21.2,5.6,X,X,X,X,X,7.15,0.00,13.40,7.23
RB,Jonathan Grimes,4,10.7,7.8,X,X,X,X,3.2,X,5.5,9.5,4.3,8.3,8.2,0.1,2.5,21.4,7.13,8.05,7.48,5.49
RB,Chris Thompson,1.1,2,22.6,9.7,10.8,9.8,X,X,4.1,8.7,4.7,2.6,6.4,X,X,8.2,1.9,7.12,5.05,5.42,5.75
RB,Cameron Artis-Payne,X,X,0.6,2.5,X,X,X,X,X,X,X,X,X,X,11.3,6.6,14.1,7.02,10.67,10.67,5.71
RB,Brandon Bolden,2.3,1.3,X,X,X,X,X,X,12.9,X,1.5,19.5,3.4,5.1,7.4,11,5.6,7.00,7.28,7.64,5.87
RB,Steven Jackson,X,X,X,X,X,X,X,X,X,X,X,X,X,X,X,1.5,12.5,7.00,7.00,7.00,7.78
RB,Alfred Morris,15.1,9.2,1.9,8.5,1.5,4.2,1.7,X,1,13.6,X,10,1.2,8.4,8.4,4.9,13,6.84,8.68,8.50,4.86
RB,Bishop Sankey,22.6,4.2,6.1,X,7.3,3,X,X,X,0.7,X,X,X,X,5.3,8.4,1.6,6.58,5.10,4.00,6.52
RB,Kyle Juszczyk,5.7,2.1,3.1,1.3,12.1,4.2,11.5,4.9,X,9.7,4.3,3.8,0.8,X,13.6,10.5,9.8,6.49,11.30,7.50,4.27
RB,C.J. Spiller,X,3.6,4.6,21.9,3.2,6.7,10.8,11.6,2,5.4,X,2.6,1,3.9,3.8,X,X,6.24,3.85,3.34,5.66
RB,Lorenzo Taliaferro,X,13.6,1.6,3.4,X,X,X,X,X,X,X,X,X,X,X,X,X,6.20,0.00,0.00,6.47
RB,Duke Williams,X,X,X,X,X,X,X,X,X,6,X,X,X,X,X,X,X,6.00,0.00,6.00,#DIV/0!
RB,Marcus Murphy,X,X,6,X,X,X,X,X,X,X,X,X,X,X,X,X,X,6.00,0.00,0.00,#DIV/0!
RB,Pierre Thomas,X,X,X,X,X,X,X,X,1.2,X,X,X,X,2.2,X,15.9,4.5,5.95,7.53,7.53,6.78
RB,Branden Oliver,3.1,0.2,2.6,X,X,10.3,13.4,5.4,X,X,X,X,X,X,X,X,X,5.83,0.00,0.00,5.04
RB,Denard Robinson,6.5,0.9,X,X,X,6.8,X,X,0.2,0.1,2.7,4.2,3.3,15.7,15.4,12.1,-0.1,5.65,10.78,6.68,5.82
RB,Ka'Deem Carey,X,X,X,X,X,X,X,X,2.8,4.6,3.2,X,7.7,X,3.8,14.7,1,5.40,6.50,5.83,4.58
RB,Jonas Gray,X,X,4.9,X,X,4.6,6.8,9.1,X,X,X,X,X,X,X,3.1,3.7,5.37,3.40,3.40,2.22
RB,Fred Jackson,3.9,8.6,4.2,7.4,6.4,2.7,7.5,1.9,X,X,4.2,3.1,9.8,3.3,3.7,10.4,1.6,5.25,4.75,5.16,2.87
RB,Marcel Reece,17.6,2.6,6.6,3.6,18.5,X,4.5,5.6,2.1,1,0.2,1.7,5.3,0.2,6.7,2.3,X,5.23,3.07,2.49,5.62
RB,Jerick McKinnon,4.8,0.6,1.8,0.6,X,0.2,4.7,1.8,3.1,1.7,3.5,3.3,5.4,1.8,18.6,23.7,7.8,5.21,12.98,8.23,6.60
RB,Mike Tolbert,2.8,5.5,7.4,0.7,X,1,14.8,5,0.7,3.1,9,1.6,13.1,5,1,4.9,7.4,5.19,4.58,5.64,4.30
RB,Zac Stacy,X,X,2.1,10.5,X,8.1,4,2.8,2.9,X,X,X,X,X,X,X,X,5.07,0.00,0.00,3.42
RB,Benny Cunningham,16.2,6.7,5,2.4,4.8,X,4.4,X,X,1.2,3,2.7,X,3.2,0.8,4.4,10.2,5.00,4.65,3.64,4.16
RB,Chris Polk,4.1,6.7,0.5,14,4.2,4.9,3.8,3.2,X,1.4,X,3.7,14.2,6.8,0.6,3.8,0.4,4.82,2.90,4.41,4.26
RB,Will Tukuafu,X,X,X,X,X,X,X,X,X,6.2,X,X,0.4,X,X,X,7.7,4.77,7.70,4.77,3.86
RB,Jay Ajayi,X,X,X,X,X,X,X,X,4.1,4.8,5.6,9.8,3.2,1.5,11.2,2.3,0.2,4.74,3.80,4.83,3.67
RB,Kendall Gaskins,X,X,X,X,X,X,X,4.3,2,X,X,X,X,X,11.2,1.2,X,4.68,6.20,6.20,4.54
RB,Christine Michael,X,X,X,X,0.6,X,3,2,X,0.8,X,X,X,X,8.4,4,13.2,4.57,8.53,6.60,4.63
RB,Kerwynn Williams,X,0.3,X,X,X,X,X,X,X,X,X,X,11.9,0.2,5.6,4.8,X,4.56,3.53,5.63,4.80
RB,Kenjon Barner,X,X,X,X,X,X,X,X,X,X,3.7,4.1,5.6,X,X,0.3,8.9,4.52,4.60,4.52,3.12
RB,Patrick DiMarco,X,2.9,1.4,X,X,3.8,X,1.8,X,X,17.1,X,3.8,3.5,X,X,1.7,4.50,2.60,6.53,5.18
RB,Bryce Brown,X,X,X,X,X,X,X,X,X,X,X,X,X,X,4.3,0.9,8,4.40,4.40,4.40,3.55
RB,Tre Mason,X,5,4.1,X,0.8,X,X,6.2,0.9,4.7,X,10.5,4.3,2.8,1.3,1.6,10.4,4.38,4.03,5.09,3.33
RB,Taiwan Jones,2.8,2.5,1.6,X,X,X,7.2,13.4,X,X,X,X,X,0.2,X,1.5,X,4.17,0.85,0.85,4.63
RB,Mike Davis,X,3.8,2.1,X,X,X,X,3.8,X,X,X,X,X,X,X,X,6.9,4.15,6.90,6.90,2.00
RB,Will Johnson,6.7,X,X,X,X,X,X,X,X,X,X,3.6,2,X,X,X,X,4.10,0.00,2.80,2.39
RB,Tevin Coleman,8,9.2,X,X,0.3,3,1.4,3.1,0.3,X,3.8,13,2.7,1.5,2.3,X,X,4.05,1.90,4.66,3.94
RB,Bruce Miller,X,1.7,X,X,4.3,11.9,X,X,0.4,X,X,X,1.8,0.3,8.3,X,2.2,3.86,3.60,3.15,4.16
RB,Terrance West,3.1,X,X,X,X,X,X,X,X,X,X,3.7,4.6,1.6,6.6,4.2,3.2,3.86,3.90,3.98,1.54
RB,Damien Williams,1.3,11,3.2,1.1,X,0.5,3.9,X,X,X,X,3,1.6,3.1,3.2,6.3,7.9,3.84,5.13,4.18,3.10
RB,Zach Line,X,6.1,6.1,X,X,1.3,6.1,X,X,X,1.7,1.8,X,3.4,7.7,0.3,X,3.83,3.80,2.98,2.70
RB,Jamize Olawale,5.5,X,X,X,1.3,X,0.4,X,7.9,8.9,3.7,1.7,2.7,X,X,X,2.4,3.83,2.40,3.88,2.98
RB,Jalston Fowler,X,3.2,6.9,X,X,X,X,X,X,2.4,1.2,7.2,X,X,1.8,X,X,3.78,1.80,3.15,2.62
RB,Roy Helu,X,X,2.2,11.5,4.8,X,0.3,X,X,X,X,0.3,2.5,X,X,X,4.8,3.77,4.80,2.53,3.87
RB,Zurlon Tipton,X,X,X,X,0.9,X,X,X,X,X,X,X,X,9.7,0.4,X,X,3.67,5.05,5.05,5.23
RB,David Cobb,X,X,X,X,X,X,X,X,X,X,X,0.8,4,0.1,0.9,2.6,13.3,3.62,4.23,3.62,4.95
RB,Terron Ward,X,1.9,X,16,X,1.7,1.7,1.8,X,X,4.8,2.5,X,X,X,0.3,1.1,3.53,0.70,2.18,4.83
RB,Robert Turbin,X,X,X,X,X,2.7,5.8,0.3,X,X,4.8,2.2,4.4,11.1,0.1,2.3,1.5,3.52,3.75,3.77,3.25
RB,Orleans Darkwa,X,X,X,X,X,X,10.8,2.3,2.3,1.5,X,0.2,4.3,2.6,X,3.4,X,3.43,3.00,2.40,3.22
RB,John Kuhn,X,X,X,7.9,0.3,4,X,X,X,X,0.4,X,X,2.6,7.2,0.3,3.7,3.30,3.45,2.84,3.02
RB,Josh Robinson,1.1,8.9,0.8,X,2.2,X,X,X,X,X,X,X,X,X,X,X,X,3.25,0.00,0.00,3.81
RB,Jarryd Hayne,2,0.3,X,X,0.9,X,X,X,X,X,X,X,X,X,X,9.7,X,3.23,9.70,9.70,4.37
RB,Juwan Thompson,X,X,1.1,X,2.6,X,X,X,X,X,X,0.3,5.1,6.9,X,X,X,3.20,6.90,4.10,2.76
RB,Matt Asiata,5.2,0.8,3.5,0.3,X,4.5,2.5,4.1,0.4,4.5,1.9,5,X,5,4.4,1.4,X,3.11,3.60,3.70,1.83
RB,Tyler Varga,3,X,X,X,X,X,X,X,X,X,X,X,X,X,X,X,X,3.00,0.00,0.00,#DIV/0!
RB,Anthony Dixon,6.1,X,X,4,6.9,X,X,X,X,X,X,0.8,0.6,X,1.9,X,0.6,2.99,1.25,0.98,2.69
RB,Austin Johnson,2.9,6.1,0.4,X,X,X,X,X,X,X,X,X,X,X,1.6,3.9,X,2.98,2.75,2.75,2.19
RB,Fozzy Whittaker,2.5,0.3,2.4,2,X,4.3,X,0.3,1.3,X,1.8,X,1.1,9.8,3.6,5.8,X,2.93,6.40,4.42,2.70
RB,Reggie Bush,0.8,X,X,1.6,X,X,6.4,X,X,X,X,X,X,X,X,X,X,2.93,0.00,0.00,3.03
RB,Rex Burkhead,3.4,1.8,X,3.7,X,X,X,X,1.7,X,1.7,2.8,1.6,7.5,X,1.8,X,2.89,4.65,3.08,1.91
RB,Aaron Ripkowski,X,X,X,X,X,X,X,X,2.8,X,X,X,X,X,X,X,X,2.80,0.00,0.00,#DIV/0!
RB,Akeem Hunt,X,X,X,X,X,X,X,X,X,X,0.4,3.5,1.7,0.1,5.4,1.9,6.5,2.79,3.48,2.79,2.45
RB,Dan Herron,X,X,X,X,2.8,3.7,2.2,X,X,X,X,X,5.4,4.1,1.6,1.4,0.4,2.70,1.88,2.58,1.63
RB,Michael Burton,X,0.2,X,1.3,1.6,X,X,X,X,X,X,X,X,2.2,9,X,1.8,2.68,4.33,4.33,3.17
RB,Malcolm Brown,X,X,X,X,X,X,X,X,X,X,X,X,X,X,X,X,2.5,2.50,2.50,2.50,#DIV/0!
RB,Toby Gerhart,X,X,1,X,0.2,7.9,0.8,X,X,X,X,X,X,X,X,X,X,2.48,0.00,0.00,3.63
RB,Anthony Sherman,1,X,X,X,X,2.3,X,X,X,X,X,X,X,X,X,X,4.1,2.47,4.10,4.10,1.56
RB,Tommy Bohanon,0.2,X,X,X,X,X,5.6,X,X,2.8,X,X,X,1.2,X,X,X,2.45,1.20,2.00,2.36
RB,Andre Williams,1.4,4.3,8.9,5.5,X,0.6,1.3,0.7,4.7,0.2,X,0.1,2.2,0.3,2.1,0.5,2.6,2.36,1.38,1.14,2.50
RB,Zach Zenner,0.6,X,X,2.3,4.7,1.5,X,X,X,X,X,X,X,X,X,X,X,2.28,0.00,0.00,1.76
RB,John Crockett,X,X,X,X,X,X,X,X,X,X,X,X,2.2,X,X,X,X,2.20,0.00,2.20,#DIV/0!
RB,Fitzgerald Toussaint,X,X,X,X,X,X,X,X,X,X,X,X,1.2,X,X,0.6,4.4,2.07,2.50,2.07,2.04
RB,Knile Davis,3.8,6.9,X,X,0.2,3.5,0.2,0.9,X,X,X,0.1,X,0.6,1.4,X,X,1.96,1.00,0.70,2.32
RB,Stevan Ridley,X,X,X,X,X,X,X,X,X,X,0.5,0.1,0.4,2.3,1.1,3.6,4.9,1.84,2.98,1.84,1.83
RB,Malcolm Johnson,3.4,X,X,X,X,1,X,X,X,X,X,1.1,X,X,X,X,X,1.83,0.00,1.10,1.36
RB,Roosevelt Nix,X,X,X,X,X,X,X,X,X,2,X,1.6,X,X,X,X,X,1.80,0.00,1.80,0.28
RB,Jorvorskie Lane,X,X,X,X,X,X,X,X,1.5,1.8,X,X,X,X,X,X,X,1.65,0.00,1.80,0.21
RB,Tyler Clutts,X,X,X,1.4,X,X,X,X,X,X,X,X,X,X,X,X,X,1.40,0.00,0.00,#DIV/0!
RB,Jacquizz Rodgers,1.6,0.8,3.1,0.3,0.3,X,X,X,X,X,X,X,X,X,X,X,X,1.22,0.00,0.00,1.18
RB,Jerome Felton,X,X,X,X,0.2,X,X,X,X,X,X,2.2,X,X,X,X,X,1.20,0.00,2.20,1.41
RB,Stepfan Taylor,X,X,0.6,X,1.9,X,X,X,X,X,X,0.2,2,1.4,1.1,X,X,1.20,1.25,1.18,0.71
RB,Trey Williams,X,X,X,X,X,X,X,X,X,X,X,X,X,X,X,X,1.2,1.20,1.20,1.20,#DIV/0!
RB,Bernard Pierce,1.4,0.4,2.4,X,0.6,X,X,X,X,X,X,X,X,X,X,X,X,1.20,0.00,0.00,0.91
RB,Darrel Young,1,X,0.2,X,X,1.8,0.1,X,X,1.6,X,X,X,1.2,1.6,X,1.7,1.15,1.50,1.53,0.67
RB,Antone Smith,X,X,X,X,X,X,X,X,1.1,X,X,X,X,X,X,X,X,1.10,0.00,0.00,#DIV/0!
RB,Corey Grant,1.5,0.1,2.4,X,X,0.1,X,X,X,X,X,X,X,X,X,X,X,1.03,0.00,0.00,1.13
RB,Alonzo Harris,X,X,1.7,X,X,X,X,0.2,X,X,X,X,X,X,X,X,X,0.95,0.00,0.00,1.06
RB,Bobby Rainey,2.4,1.8,X,X,X,X,1.4,X,0.3,X,0.5,X,X,X,X,X,-1,0.90,-1.00,-0.25,1.22
RB,Derrick Coleman,0.2,1,X,X,X,X,X,X,X,X,X,0.1,X,1.9,1,X,X,0.84,1.45,1.00,0.73
RB,Jay Prosch,X,0.4,2.4,X,X,X,X,X,X,X,0.3,X,X,X,0.2,X,X,0.83,0.20,0.25,1.05
RB,Jordan Todman,X,1.1,X,X,X,X,X,X,0.3,0.8,X,X,X,X,X,X,X,0.73,0.00,0.80,0.40
RB,Cierre Wood,X,X,X,X,0.3,X,X,X,X,X,X,X,X,X,X,X,X,0.30,0.00,0.00,#DIV/0!
RB,Kendall Hunter,X,X,X,X,X,X,X,X,X,X,X,X,X,X,0.2,X,X,0.20,0.20,0.20,#DIV/0!
RB,Jeff Heath,X,X,X,X,X,X,X,X,X,X,X,X,X,X,X,X,0.2,0.20,0.20,0.20,#DIV/0!
RB,George Winn,X,X,X,X,X,X,X,X,X,X,X,0.1,X,X,X,X,X,0.10,0.00,0.10,#DIV/0!
RB,Raheem Mostert,X,X,X,X,X,X,X,X,X,X,X,X,X,X,X,X,-1,-1.00,-1.00,-1.00,#DIV/0!
TE,Rob Gronkowski,32.4,27.3,17.1,X,10.7,14,30.8,26.3,8.7,25.3,5.7,20.8,X,18.7,16.4,12.6,3.8,18.04,12.88,14.76,8.98
TE,Jordan Reed,19.3,14.2,15.6,7.7,X,X,30.2,X,10.8,17.9,9.6,17.8,6.3,30,27.4,36.9,8.5,18.01,25.70,19.30,9.67
TE,Delanie Walker,13.3,X,13.8,X,7.6,17.7,12.5,12.2,30.5,8.2,21.9,15.1,23.2,14.1,20.4,14.9,22,16.49,17.85,17.48,6.14
TE,Tyler Eifert,34.4,14.9,X,9.9,29,13,X,7.9,28.3,5.6,17.2,13,X,6.2,X,X,15.1,16.21,10.65,11.42,9.47
TE,Gary Barnidge,6.8,2.7,25.5,19.5,30.9,18.9,19.1,18.3,5.5,18.5,X,16.1,10.9,19.4,11.9,7.7,14.6,15.39,13.40,14.16,7.51
TE,Greg Olsen,2.1,13,36.4,4.8,X,29.1,9.5,19.9,16.6,16,14.4,12,23.9,8.2,19.9,8,3.6,14.84,9.93,13.25,9.40
TE,Antonio Gates,X,X,X,X,30.2,18.5,X,9.6,12.9,X,1.6,21.3,11,13.6,14.8,3.1,12.4,13.55,10.98,11.11,8.00
TE,Ben Watson,4.9,3.2,7.2,6,12.6,31.7,9.9,32.7,11,4.9,X,9.3,13.8,14,16.9,1.5,17.9,12.34,12.58,11.19,9.10
TE,Travis Kelce,31.6,9.8,16,8.9,6.5,13.8,12.3,16.9,X,8.6,9.6,16.9,7.2,4.8,13.3,16.3,2,12.16,9.10,9.84,6.87
TE,Zach Ertz,7.6,4.7,5,3.1,11,8.3,11.3,X,9.4,13.8,3.2,X,8.9,14.8,21.8,27.2,27.2,11.82,22.75,16.70,7.92
TE,Austin Seferian-Jenkins,31,4.9,X,X,X,X,X,X,X,X,X,X,6.1,6.1,11.9,14,7.8,11.69,9.95,9.18,9.15
TE,Jimmy Graham,17.1,2.1,21.3,6.9,6,25,5.1,14.5,X,7.1,6.9,11.5,X,X,X,X,X,11.23,0.00,8.50,7.34
TE,Zach Miller,X,3.4,3.1,X,X,X,X,X,10.3,30.7,7.7,9,1.6,19.5,11.7,13.9,X,11.09,15.03,13.44,8.78
TE,Chase Coffman,X,8.2,X,X,X,X,X,X,X,X,X,X,X,X,X,X,12.9,10.55,12.90,12.90,3.32
TE,Martellus Bennett,16.5,8.8,5.5,25.3,7.2,11.9,X,6.2,19.7,4.8,4.6,X,4.4,X,X,X,X,10.45,0.00,4.60,7.09
TE,Julius Thomas,X,X,X,X,4,20.8,1.4,X,4.4,4.3,13.8,29.6,9.5,16.4,13.9,3.2,3.2,10.38,9.18,11.74,8.72
TE,Will Tye,X,X,X,X,8.8,4.2,X,X,3.9,10.6,X,13.4,10,14,15.3,5.8,17.7,10.37,13.20,12.40,4.76
TE,Jason Witten,26,12.6,12.5,9.7,7.3,X,13.3,3.6,10.3,9.2,4.7,7.6,9.5,9,9.9,2.2,17.8,10.33,9.73,8.74,5.68
TE,Richard Rodgers,6.8,13.3,3.5,15.5,10.5,5.4,X,3.6,18.9,14.2,3.7,7,31.6,7.3,1.7,1.2,18.9,10.19,7.28,10.70,8.17
TE,Crockett Gillmore,4.3,25.8,7,X,X,6,10.3,8.8,X,14.2,18.1,5,1.7,X,X,X,X,10.12,0.00,9.75,7.35
TE,Eric Ebron,15.3,15.3,10.1,4.2,X,X,19.9,5.4,X,6.8,X,4.8,8.9,5.7,11.9,8.9,13.5,10.05,10.00,8.64,4.86
TE,Charles Clay,8.3,10.9,19.2,23.1,1.7,15.2,5.6,X,1.6,10.2,2.4,8.1,16.6,1.9,X,X,X,9.60,1.90,7.84,7.15
TE,Jacob Tamme,4.9,11.7,1.8,X,17.4,6.2,6.6,29.3,12.1,X,2.6,11.9,5.6,6.6,X,6.9,10.1,9.55,7.87,7.28,7.07
TE,Heath Miller,16.4,11.5,3.7,1.1,7.6,1.5,X,23.5,6.2,8,X,9.5,X,16.8,4.2,9.9,10.8,9.34,10.43,9.87,6.30
TE,Kyle Rudolph,10.3,14,3.4,2.7,X,8.9,9,4.2,5,1.7,25.6,12.3,4.3,12.7,4.1,13.3,X,8.77,10.03,10.57,6.29
TE,Ladarius Green,18.4,9.7,X,15.3,10,12.5,18.5,2,X,X,1.9,2.9,4.1,4.6,3.3,4.7,X,8.30,4.20,3.58,6.17
TE,Coby Fleener,3.5,X,9.1,23.3,2.9,5,7.7,17.3,6.2,X,7.5,5.7,6,1.6,2.2,3.3,21.8,8.21,7.23,6.87,6.95
TE,Owen Daniels,2.5,4.9,13.8,8.9,X,4.4,X,7.4,25.2,2.4,10.9,9.8,3.3,7.3,3.4,12,2.5,7.91,6.30,6.45,6.07
TE,Larry Donnell,5.1,12.8,6.2,8.8,15.5,5.9,5.8,3.2,X,X,X,X,X,X,X,X,X,7.91,0.00,0.00,4.21
TE,Vernon Davis,7.7,11.2,X,X,X,X,10.1,8.4,X,3.9,12.8,3,4.5,14.4,1.5,X,X,7.75,7.95,6.68,4.40
TE,Tony Moeaki,X,X,X,X,X,X,2.1,X,X,X,X,X,X,X,X,X,12.7,7.40,12.70,12.70,7.50
TE,Brent Celek,1.6,X,X,8,13.4,X,3.1,X,X,20.4,14.9,9,2.6,1.1,5.1,2.8,5.8,7.32,3.70,7.71,6.09
TE,Jake Stoneburner,X,9.8,2.3,9.6,X,X,X,X,X,X,X,X,X,X,X,X,X,7.23,0.00,0.00,4.27
TE,Garrett Celek,7,3,5.9,5.6,11.6,X,1.8,X,15.2,X,5.5,X,X,X,X,X,X,6.95,0.00,5.50,4.42
TE,Michael Hoomanawanui,X,X,X,X,X,X,14.1,X,7.1,X,X,X,2.9,X,X,8.7,1.4,6.84,5.05,4.33,5.03
TE,Scott Chandler,7.1,5.3,4.5,X,X,5.9,5.4,1.9,1.5,7.1,1.3,16.8,16.1,X,X,X,X,6.63,0.00,10.33,5.28
TE,Troy Niklas,X,X,X,X,X,2.3,X,15.2,X,X,X,X,X,X,X,X,1.8,6.43,1.80,1.80,7.60
TE,Darren Fells,18.2,X,2.3,2.7,10.5,1.9,X,X,X,5.1,8.8,X,3.2,7.3,8.4,X,1.7,6.37,5.80,5.75,5.01
TE,Vance McDonald,1.5,X,X,1.7,2.9,2,1.1,2.3,3.9,X,16.5,19.1,3.8,X,2,17.1,6.7,6.20,8.60,10.87,6.66
TE,Daniel Fells,6.3,X,5.7,X,X,X,X,X,X,X,X,X,X,X,X,X,X,6.00,0.00,0.00,0.42
TE,Tyler Kroft,X,X,X,X,X,X,X,X,X,X,X,1.4,2.7,5.1,12.1,8.6,X,5.98,8.60,5.98,4.38
TE,Cameron Brate,X,X,X,1.7,X,X,1.6,12.8,2.7,1.6,13.7,16.3,3.2,3.6,X,5.6,2,5.89,3.73,6.57,5.56
TE,Maxx Williams,2.5,1.8,7.4,3.7,1,6.4,X,X,X,14,5,X,X,X,8.1,3.6,11.3,5.89,7.67,8.40,4.07
TE,Jared Cook,13.5,9.7,1.7,5.2,1.8,X,2.9,9.7,2,5.5,7.1,9.8,5.2,2.1,10.4,1.5,X,5.87,4.67,5.94,3.94
TE,Tim Wright,X,X,X,3.6,4.2,10.7,2.3,X,X,X,X,X,X,X,X,X,7.9,5.74,7.90,7.90,3.47
TE,Jordan Cameron,11.3,9.2,4.6,3.9,X,12,4.3,5.4,1.6,1.5,10.1,3.3,1.4,6.5,1.5,6.4,8.6,5.73,5.75,4.91,3.61
TE,Ed Dickson,1.9,X,3.9,8.1,X,5.4,X,X,1.6,11.1,X,X,5.7,7.4,X,X,X,5.64,7.40,8.07,3.22
TE,Clive Walford,1.1,1.4,X,X,4.3,X,12.2,3.3,7.1,9.8,4.5,2.4,10.3,7.7,3,3.2,8.6,5.64,5.63,6.19,3.59
TE,Lance Kendricks,12.2,2.5,3.2,X,3.6,X,X,2.7,4.5,1.4,12.3,4.7,X,X,5.7,X,8.7,5.59,7.20,6.56,3.81
TE,Anthony Fasano,2.8,19.4,3.6,X,X,2.1,5.1,1.9,12.3,2.9,3.4,4.2,X,X,5.1,4.1,X,5.58,4.60,3.94,5.13
TE,Clay Harbor,X,X,13.3,7.1,X,X,X,X,X,X,3.7,2.2,X,4.1,X,3.7,2.8,5.27,3.53,3.30,3.87
TE,Matt LaCosse,X,X,X,X,X,X,X,X,X,X,X,X,X,X,X,5.2,X,5.20,5.20,5.20,#DIV/0!
TE,Demetrius Harris,X,X,X,X,X,3.5,X,X,X,X,4.6,X,X,3.8,X,X,8.5,5.10,6.15,5.63,2.31
TE,Mychal Rivera,1.4,4.5,X,3.2,6.3,X,3.1,X,3.6,10.6,3.1,4.8,3.3,13.9,5,X,3.2,5.08,7.37,6.27,3.46
TE,Brandon Myers,X,X,4.8,1.8,5.4,X,X,6.2,X,6.5,X,X,X,X,X,X,X,4.94,0.00,6.50,1.88
TE,Nick O'Leary,X,X,X,X,X,X,X,X,X,X,X,X,X,X,4.7,X,X,4.70,4.70,4.70,#DIV/0!
TE,Chris Gragg,X,X,X,2.5,X,10.4,5.5,X,X,X,X,X,X,2.1,2.6,3.9,X,4.50,2.87,2.87,3.15
TE,Kellen Davis,X,X,X,X,X,X,X,7.1,X,X,X,X,1.8,X,X,X,X,4.45,0.00,1.80,3.75
TE,Luke Willson,X,5.6,X,3.5,3.7,2.6,X,12.1,X,X,3.5,2.2,5.6,1.8,3.7,X,X,4.43,2.75,3.36,2.97
TE,Nick Boyle,X,X,3.9,4.2,5.7,X,6,2.5,X,6.5,X,2,4.5,X,X,X,X,4.41,0.00,4.33,1.62
TE,Cooper Helfet,X,X,X,X,X,X,X,X,X,X,1.7,X,2.3,4,1.5,8.3,8.2,4.33,5.50,4.33,3.16
TE,Jesse James,X,X,X,X,X,X,X,X,9.3,1.2,X,3.8,6,X,X,1.3,X,4.32,1.30,3.08,3.42
TE,Jermaine Gresham,1.4,1.5,5.4,1.8,X,X,10.2,3.9,X,10.6,X,1.9,2.3,X,X,1.7,5.6,4.21,3.65,4.42,3.41
TE,Trey Burton,X,X,X,X,X,X,X,X,X,X,X,6.9,X,X,X,X,1.5,4.20,1.50,4.20,3.82
TE,Blake Bell,X,2.1,1,X,1.6,X,X,X,X,X,X,9.7,1.5,7.9,8.3,X,1.5,4.20,5.90,5.78,3.72
TE,Derek Carrier,2.8,X,X,3.8,10.7,7.9,3.5,X,X,2.4,2.7,1.6,X,1.7,X,X,X,4.12,1.70,2.10,3.10
TE,Rhett Ellison,1.3,X,X,X,X,2.1,X,X,3.1,9.8,3.9,3.3,X,5.1,X,X,X,4.09,5.10,5.53,2.80
TE,Craig Stevens,X,2.3,4.9,X,1.1,X,X,1.9,4.5,X,X,9,9.1,X,1.5,1.8,X,4.01,1.65,5.35,3.14
TE,Josh Hill,X,1.2,2,9.1,X,6.8,X,1.5,10.1,X,X,X,3.1,1.6,X,3.2,1.4,4.00,2.07,2.33,3.38
TE,Brandon Pettigrew,X,X,X,X,5.9,X,X,X,X,7.2,1.8,3.1,X,1.7,X,X,X,3.94,1.70,3.45,2.49
TE,Virgil Green,X,9.2,3.6,X,X,X,X,9.1,2.3,1.8,1.9,X,3.2,X,X,1.8,2.4,3.92,2.10,2.22,3.03
TE,Gavin Escobar,8.8,2.6,X,X,X,X,X,X,X,3.2,4,0.8,X,X,X,X,X,3.88,0.00,2.67,2.99
TE,John Phillips,X,X,7.5,7.1,X,X,1.5,3.1,X,X,X,X,1.8,X,X,1.9,X,3.82,1.90,1.85,2.76
TE,James O'Shaughnessy,X,7.4,X,1.8,X,4.3,1.2,X,X,X,X,X,X,X,X,X,X,3.68,0.00,0.00,2.82
TE,Jack Doyle,X,X,6.2,X,1,2.7,X,X,9.8,X,X,1.5,X,X,X,2.7,1.3,3.60,2.00,1.83,3.25
TE,Andrew Quarless,X,X,3.4,X,X,X,X,X,X,X,X,X,X,X,X,3.7,X,3.55,3.70,3.70,0.21
TE,C.J. Fiedorowicz,2.5,2.9,X,10.8,1.4,1.8,X,3.5,X,5,X,4,1.8,X,X,1.6,3.4,3.52,2.50,3.16,2.66
TE,Marcedes Lewis,X,X,X,9,X,1.8,3.3,X,3.7,1.9,X,3.4,1.7,2.4,3.6,2.3,5.5,3.51,3.45,2.97,2.14
TE,Dwayne Allen,10.7,X,X,X,3.1,5.3,2,1.4,X,X,1.7,3.9,1.6,1.7,1.6,X,X,3.30,1.65,2.10,2.89
TE,Garrett Graham,X,7.7,1.9,1.6,1.8,X,X,X,X,X,X,X,X,X,X,X,X,3.25,0.00,0.00,2.97
TE,Dion Sims,X,X,X,X,X,13.3,0.7,1.6,1.9,1.8,X,0.9,1.4,3.4,1.9,1.8,7,3.25,3.53,2.60,3.76
TE,Jeff Cumberland,X,X,3,X,X,X,2.6,1.7,5.4,X,X,X,X,X,X,X,X,3.18,0.00,0.00,1.58
TE,MyCole Pruitt,X,X,X,X,X,X,2.3,3.5,1.6,2.7,1.8,X,1.4,5.6,X,X,X,2.70,5.60,2.88,1.47
TE,Phillip Supernaw,X,X,X,X,X,X,X,X,X,X,2.6,X,X,2.6,X,X,X,2.60,2.60,2.60,0.00
TE,Ryan Hewitt,X,X,X,X,X,2.6,X,3.2,X,1.7,X,4.9,1.7,1.9,1.9,X,X,2.56,1.90,2.42,1.17
TE,Lee Smith,X,1.6,1.8,3.4,X,X,2.1,1.6,2,1.1,X,1.2,7.5,X,X,2.7,X,2.50,2.70,3.13,1.89
TE,Rob Housler,X,X,X,X,1.6,X,X,X,X,X,X,X,X,X,1.9,X,3.8,2.43,2.85,2.85,1.19
TE,Jim Dray,2.3,X,X,X,1.7,X,3,X,2.3,X,X,X,X,X,X,2.8,X,2.42,2.80,2.80,0.51
TE,Luke Stocker,X,X,X,X,X,X,5.2,X,X,X,X,X,1.4,X,X,1.7,1.3,2.40,1.50,1.47,1.87
TE,James Hanna,X,X,X,1.7,X,X,1.6,1,X,X,X,X,2.1,X,X,2,5.8,2.37,3.90,3.30,1.73
TE,Jerome Cunningham,X,1.3,X,X,X,X,X,X,3,2.6,X,1.2,X,X,1.7,4.1,X,2.32,2.90,2.40,1.13
TE,Levine Toilolo,1.4,X,3.6,X,X,3.8,X,1.7,1.1,X,X,X,X,X,X,X,1.8,2.23,1.80,1.80,1.16
TE,Scott Simonson,X,X,X,X,X,X,X,X,X,X,X,X,X,2,X,X,X,2.00,2.00,2.00,#DIV/0!
TE,Michael Williams,X,2.5,X,X,X,X,1.4,X,X,X,X,X,X,X,1.7,X,X,1.87,1.70,1.70,0.57
TE,Khari Lee,X,X,X,X,X,X,X,X,X,X,X,1.7,X,X,X,X,X,1.70,0.00,1.70,#DIV/0!
TE,E.J. Bibbs,X,X,X,X,X,X,X,X,X,X,X,X,1.7,X,X,X,X,1.70,0.00,1.70,#DIV/0!
TE,Brian Parker,X,X,X,X,X,X,X,X,X,1.6,X,X,X,X,X,X,X,1.60,0.00,1.60,#DIV/0!
TE,Nic Jacobs,X,X,X,X,X,X,X,X,1.6,X,X,X,X,X,X,X,X,1.60,0.00,0.00,#DIV/0!
TE,Cory Harkey,X,X,X,1.4,X,X,1.4,X,X,X,X,1.2,1.4,X,X,X,2.2,1.52,2.20,1.60,0.39
TE,Matt Spaeth,X,X,X,X,X,X,X,1.4,X,X,X,1.6,X,X,X,X,X,1.50,0.00,1.60,0.14
TE,C.J. Uzomah,X,X,X,X,X,X,X,X,X,X,X,X,1.4,X,X,X,X,1.40,0.00,1.40,#DIV/0!
TE,Matthew Mulligan,X,1.2,X,X,X,X,X,X,X,X,X,X,X,X,X,X,X,1.20,0.00,0.00,#DIV/0!
TE,MarQueis Gray,X,X,X,1.2,X,X,X,X,X,X,X,X,X,X,X,X,X,1.20,0.00,0.00,#DIV/0!
TE,Asante Cleveland,X,X,X,X,X,X,X,X,X,X,X,1.1,X,X,X,X,X,1.10,0.00,1.10,#DIV/0!
TE,Geoff Swaim,X,1,X,X,X,X,X,X,X,X,X,X,X,X,X,X,X,1.00,0.00,0.00,#DIV/0!
TE,Anthony Levine,X,X,0.3,X,X,X,X,X,X,X,X,X,X,X,X,X,X,0.30,0.00,0.00,#DIV/0!
WE,Wes Welker,X,X,X,X,X,X,X,X,X,6.2,3.3,3.2,3.5,2.1,X,1.3,3.6,3.31,2.33,3.31,1.53
WR,Antonio Brown,31.3,39.5,24.8,9.2,7.5,5.4,22,16.7,49.6,40.9,X,11.1,40.8,15.7,49.9,13.1,39.7,26.08,29.60,30.17,15.52
WR,Julio Jones,38.1,29.5,43.4,7.8,17.7,15.3,24.2,36.2,26.7,X,28,10.6,17.3,15.8,29.8,35.8,26.9,25.19,27.08,23.46,10.35
WR,Brandon Marshall,18.2,26.1,28.9,22.8,X,26.1,10.7,22.8,14.4,11.3,15.7,37.1,34.1,27.5,11.4,34.5,29.6,23.20,25.75,25.15,8.74
WR,Odell Beckham,9.4,30.6,20.9,8.8,28.4,19.1,7.5,42,22.5,23.4,X,32.2,29.9,38.6,19.6,X,10.4,22.89,22.87,25.68,10.83
WR,DeAndre Hopkins,32.8,10.3,27.1,27.7,30.9,39.8,11,23.4,X,16.7,31.8,8.6,19.8,8.2,17.4,27.7,15.9,21.82,17.30,18.26,9.73
WR,Keenan Allen,34.6,2.6,40.3,17.2,11.7,32.7,17.9,14.5,X,X,X,X,X,X,X,X,X,21.44,0.00,0.00,13.01
WR,Allen Robinson,3.7,36.5,10.8,12,26.2,20.6,21.8,X,21.1,16.1,19.3,16.6,46.3,7.4,14.7,30.1,18.8,20.13,17.75,21.16,10.77
WR,Steve Smith,3.3,28,46.6,6.4,X,29.7,12.8,13.2,X,X,X,X,X,X,X,X,X,20.00,0.00,0.00,15.42
WR,Julian Edelman,21.6,33.9,16.5,X,25,17.2,10.4,27.1,15.5,9.3,X,X,X,X,X,X,X,19.61,0.00,9.30,8.04
WR,Sammy Watkins,X,18,4.9,X,X,14.8,X,X,33.8,4.4,6.9,36.8,22.9,19.2,31.1,13.4,27.6,19.48,22.83,20.29,11.19
WR,Alshon Jeffery,12.8,X,X,X,X,31.7,X,30.6,28.1,5.3,X,16,12.5,25.7,8,X,X,18.97,16.85,13.50,10.14
WR,Larry Fitzgerald,14.7,40.2,37.4,15.9,16.8,17.3,6.9,22.4,X,26,17,16.6,13.5,9.1,7.3,12.9,17.5,18.22,11.70,14.99,9.44
WR,Martavis Bryant,X,X,X,X,X,35.5,14.8,8.9,12.1,31.8,X,19,24.4,12,18.7,2,X,17.92,10.90,17.98,10.32
WR,A.J. Green,11.3,13.5,47.7,15.2,13.8,7.6,X,31.8,9.3,10.7,11.9,24.1,26.8,28.2,4.7,16.7,13.4,17.92,15.75,17.06,11.12
WR,Jarvis Landry,20.7,22.6,16.6,10.9,X,15.6,25.8,13.1,20.1,18.8,10.6,38.9,2.5,20.9,13.4,21.1,13.8,17.84,17.30,17.50,8.02
WR,Demaryius Thomas,13,22.6,23.2,18.3,10.5,24.1,X,27.8,10,14.1,14.9,4.6,18.1,18.5,23.1,12.9,25.7,17.59,20.05,16.49,6.53
WR,Doug Baldwin,10.5,22.2,6.5,12.6,10,5.3,3.9,6.5,X,29.4,12,41.5,26.4,32.2,20.5,28.8,9.6,17.37,22.78,25.05,11.46
WR,Eric Decker,11.7,23.7,X,14.6,X,14.9,15.4,18,19.9,20.5,12.1,17.2,21.1,20.4,17.5,13.7,16,17.11,16.90,17.31,3.50
WR,Emmanuel Sanders,14.5,28.7,14.7,9.8,23.1,23.9,X,4.2,21,X,X,20.3,5.4,2.7,39.5,16.7,13.9,17.03,18.20,16.42,10.12
WR,Tyrell Williams,X,X,X,X,X,X,X,X,X,X,X,X,X,X,X,X,17,17.00,17.00,17.00,#DIV/0!
WR,Jeremy Maclin,10.2,9.5,31.1,28.8,16.5,7.8,X,12.5,X,4.7,5.9,34,29.5,12.6,18,15.9,16.2,16.88,15.68,17.10,9.59
WR,Calvin Johnson,5.9,24.3,15.7,11.6,11.7,31.6,19.6,13.5,X,14.1,13.8,35.3,13.4,2.6,2.9,19.7,32.7,16.78,14.48,16.81,9.98
WR,Brandin Cooks,9.3,10.8,14.9,6.5,24.7,8.1,14.1,26.5,17.1,27.9,X,8.5,25.4,5.9,31.4,27.3,7.2,16.60,17.95,19.09,9.10
WR,Mike Evans,X,X,20.1,6.2,7.1,X,33.4,7.8,25.2,23.6,16.3,11.4,17.1,6.9,27.7,10.1,13.9,16.20,14.65,15.88,8.71
WR,Allen Hurns,10,10.8,15,31.6,25.6,11,13.3,X,26.2,17.2,4.9,8.2,X,22.5,6.4,33.6,4.7,16.07,16.80,13.93,9.61
WR,John Brown,14.6,9.5,9.2,15.8,17.3,31.6,16.5,X,X,X,14.2,14.9,20.3,17.8,12.8,11.5,8.5,15.32,12.65,14.29,5.83
WR,Amari Cooper,9.7,26.9,23.4,14.9,8.9,X,27.3,9.8,21.8,12.9,1.4,21.5,10.2,X,33,3,4,15.25,13.33,12.29,9.80
WR,Jordan Matthews,23.2,20,10.9,8,9.4,10.9,4.4,X,31.3,5.1,5.3,15,12.6,4.9,32.9,25.4,24.4,15.23,21.90,15.70,9.66
WR,Michael Crabtree,8.7,29.1,7.6,13,9.4,X,18.3,26.2,32.8,9.5,11,11.9,15.5,5.9,13,15.9,12.4,15.01,11.80,11.89,7.88
WR,James Jones,21.1,9.9,29.9,14.8,15.7,11,X,1.2,7.7,X,27.9,X,2.9,8.9,20.2,11.6,17.2,14.29,14.48,14.78,8.47
WR,JJ Nelson,X,X,X,X,X,X,X,10,X,X,27.2,7.3,11.4,X,X,X,X,13.98,0.00,15.30,8.98
WR,Rishard Matthews,13.4,20.5,32.3,2.6,X,14.5,16.5,13.2,9.4,14.7,2.5,X,X,X,X,X,X,13.96,0.00,8.60,8.62
WR,Travis Benjamin,17.9,35.5,13.5,13.9,14.3,23.7,7.7,5.6,5.2,20.6,X,22,X,8.1,6.5,4,10.3,13.92,7.23,11.92,8.75
WR,DeSean Jackson,X,X,X,X,X,X,X,X,4.5,6.4,19.7,14.6,19,6.3,30.3,8,X,13.60,14.87,14.90,8.99
WR,Willie Snead,7.3,13.4,9.4,14.9,23.1,9.5,5.5,25,15.5,X,X,9,X,22.2,17.6,11.5,6.5,13.60,14.45,13.36,6.39
WR,T.Y. Hilton,15.8,8.5,13.4,13.7,13.8,19.4,34,2.5,13.2,X,4.1,27.5,6.6,20.2,5.9,10.4,8.4,13.59,11.23,11.87,8.47
WR,Kamar Aiken,0.9,12.9,X,18.7,11.8,11.2,1.6,12.2,X,14.3,16,20,10.8,14,29.8,14.6,12.6,13.43,17.75,16.51,6.88
WR,Michael Floyd,2.8,X,2.2,10.9,2.5,16,14.9,23.6,X,33.3,X,2.4,20.4,24.2,12,20.1,2.6,13.42,14.73,16.43,10.08
WR,Ted Ginn,7.4,14.1,13.3,15.8,X,2.8,15.2,8,3,8.5,15.9,X,25,29.5,26.5,1.9,X,13.35,19.30,17.88,8.87
WR,Randall Cobb,14.8,22.6,35.3,9.4,5.3,5.8,X,9.7,19.9,10,10.4,13.4,12.8,17,10.8,4.7,10,13.24,10.63,11.14,7.70
WR,Golden Tate,6.4,14,10.7,6.5,15.2,16,3.4,11.9,X,10.3,15.1,18,14.6,28.5,22.5,9.9,7.4,13.15,17.08,15.79,6.38
WR,Marcus Easley,X,X,X,X,X,X,12.8,X,X,X,X,X,X,X,X,X,X,12.80,0.00,0.00,#DIV/0!
WR,Anquan Boldin,7.6,18,3.6,4.2,27.7,18.2,6.9,X,X,X,14.3,17.3,8.7,4.2,20.4,7.7,18.1,12.64,12.60,12.96,7.46
WR,Tavon Austin,15.5,5.6,8.8,29.6,10.8,X,10.4,26.9,12.1,4.3,2.1,21.6,4.8,8.9,22.3,5.8,11.2,12.54,12.05,10.13,8.37
WR,Jermaine Kearse,15.6,X,13.6,10.4,11.8,X,9.4,X,X,2,6.4,20.7,X,14.4,21,12.8,12.4,12.54,15.15,12.81,5.36
WR,Steve Johnson,20.2,15.5,7.6,7.2,X,X,9,4.8,13.8,X,12.4,22.2,X,X,X,X,X,12.52,0.00,17.30,6.00
WR,Percy Harvin,19.8,9.4,15.2,5.6,X,X,X,X,X,X,X,X,X,X,X,X,X,12.50,0.00,0.00,6.27
WR,DeVante Parker,X,1.3,7.6,X,X,X,X,X,X,X,X,18,15.3,3.6,12.7,13.3,24.6,12.05,13.55,14.58,7.67
WR,Stefon Diggs,X,X,X,14.7,X,22.9,26.7,21.5,7.2,7.6,12.6,7.1,3.6,3.2,20.5,5.9,1.8,11.95,7.85,7.79,8.47
WR,Donte Moncrief,16.6,28.2,13.2,13.5,1.3,18.9,13.4,3.8,6,X,9.1,22.4,4.3,8.2,16.1,3.5,X,11.90,9.27,10.60,7.72
WR,Rueben Randle,5.3,1.5,27.6,12.1,9.2,9.4,8.8,10.5,15,8.1,X,10.6,4.2,16.8,14.7,16,17.9,11.73,16.35,12.61,6.29
WR,Pierre Garcon,13.4,14.3,11.4,18.5,8.1,13.8,10.5,X,11,3,7.3,6.5,10.4,10.2,12.4,21,13.9,11.61,14.38,10.59,4.42
WR,Leonard Hankerson,3.6,19.7,7.5,25.3,2.3,7.7,X,X,X,X,13.6,X,X,X,X,X,X,11.39,0.00,13.60,8.56
WR,Brian Hartline,4,X,14.6,1.7,1.5,X,5.2,19.2,X,13.7,X,15.4,16.3,21.7,X,X,X,11.33,21.70,16.78,7.51
WR,Tyler Lockett,13.4,3.7,6,8.9,4.9,X,18.9,6.6,X,1.7,21.3,6.8,16.7,31.4,16.5,6.3,6.3,11.29,15.13,13.38,8.19
WR,Danny Amendola,4.4,4.2,14.9,X,2.6,20.5,22.6,2.1,7.2,17.9,23.7,X,20.6,10.6,0.3,X,3.7,11.09,4.87,12.80,8.61
WR,Cecil Shorts,9.7,9.4,11.8,19.7,X,10.3,X,X,X,4.6,14.5,12.8,15.2,2.9,X,X,X,11.09,2.90,10.00,4.95
WR,Vincent Jackson,9.1,14.4,6,33.7,4.4,X,2.3,X,X,X,15.6,11.6,11.7,1.5,X,X,X,11.03,1.50,10.10,9.35
WR,Nate Washington,19.5,9.3,8.2,X,X,X,36.7,17.4,X,5.2,3.3,7.3,10.4,5.9,4.8,13.2,1.6,10.98,6.38,6.46,9.35
WR,Marvin Jones,3.9,13.1,20.4,2,11.1,24.5,X,3.4,12.8,7.6,10,8.5,16.5,12.1,12.9,6.3,8.8,10.87,10.03,10.34,6.04
WR,Dorial Green-Beckham,X,8.3,10.2,X,X,8.7,X,2.2,12.7,X,7,5.2,25.9,8.3,20.3,X,10.1,10.81,12.90,12.80,6.78
WR,Cole Beasley,7.9,5.4,8.9,12.2,8,X,X,X,35.2,1.8,2.4,16.4,X,5.5,6.7,4.9,22.3,10.58,9.85,8.57,9.31
WR,Terrance Williams,11,18.4,X,13.9,5,X,11,4,5.7,5.3,17.9,7.9,8.3,6.8,3.3,10.2,28.3,10.47,12.15,11.00,6.79
WR,Dez Bryant,9.8,X,X,X,X,X,X,3.2,24.4,9.5,14.5,4.6,9.2,1.9,15,X,X,10.23,8.45,9.12,7.02
WR,Jerome Simpson,X,X,X,X,X,X,X,X,X,X,X,X,X,10,X,X,X,10.00,10.00,10.00,#DIV/0!
WR,Kendall Wright,23.1,3.7,23.8,X,6,7.4,14.6,6.8,X,X,X,3.5,5.8,X,X,4.8,X,9.95,4.80,4.70,7.77
WR,Jeff Janis,X,X,X,X,X,9.9,X,X,X,X,X,X,X,X,X,X,X,9.90,0.00,0.00,#DIV/0!
WR,Kenny Britt,5.7,12.4,20.2,X,X,X,5.1,X,11.7,1.6,4.4,12.3,6.1,5.5,15.1,13.9,11.1,9.62,11.40,8.75,5.31
WR,Markus Wheaton,10.5,8.7,3.6,2.8,14.2,1.8,3.6,1.5,0.8,3.8,X,38.1,14,10.5,18.2,7.1,14.7,9.62,12.63,15.20,9.37
WR,Marques Colston,5.9,10.9,8.7,5.9,6.6,X,3,28.4,6.7,5.2,X,6.8,2.4,21.6,11.9,X,X,9.54,16.75,9.58,7.49
WR,Robert Woods,4.7,15,7.8,5.3,1.6,8.7,23.4,X,X,4.9,8.4,5.5,9.9,18.6,8.4,X,X,9.40,13.50,9.28,6.14
WR,Jeremy Butler,X,X,X,X,X,X,X,X,X,X,8.5,5.7,8.3,14.2,9,6.8,11.7,9.17,10.43,9.17,2.90
WR,Torrey Smith,2.1,29,X,7.4,6.2,18.6,X,3.9,6.4,X,2.6,7.1,15.6,2.7,5.3,10.3,11.1,9.16,7.35,7.81,7.49
WR,Dontrelle Inman,X,X,X,11.8,X,10.8,4.6,2,4.8,X,8.1,17.5,2.5,X,10.8,22.2,5.5,9.15,12.83,11.10,6.34
WR,Andre Johnson,6.4,5.7,X,X,25.7,6.5,8.4,18.1,X,X,2.3,3.2,6.4,4.9,6.2,6.9,14.6,8.87,8.15,6.36,6.65
WR,Davante Adams,9.9,8.3,X,X,X,X,X,1.8,18.3,17.9,6.6,3.4,12.1,3.2,8.2,7.2,9.4,8.86,7.00,8.50,5.25
WR,Seth Roberts,4.2,8.2,14.6,X,X,X,1.6,3.1,10.3,1.5,7.4,32.3,9.1,10,X,7.7,5,8.85,7.57,10.43,7.99
WR,Brice Butler,X,X,X,7.7,X,X,6.1,X,X,X,X,X,X,X,X,11.4,10,8.80,10.70,10.70,2.36
WR,Dwayne Harris,1.1,X,X,16.1,13.2,3.8,12.3,18.7,1.1,20.2,X,4.9,7.8,9.1,2.9,1.6,X,8.68,4.53,7.75,6.83
WR,Jeremy Kerley,X,X,15.3,X,X,X,11.7,10.3,4.2,1.7,X,X,X,X,X,X,X,8.64,0.00,1.70,5.58
WR,Jamison Crowder,1.2,1.7,12.5,13.5,16.7,8,9.8,X,11,16,1.5,3.2,5.9,2.3,4.1,5.3,24.9,8.60,9.15,7.90,6.80
WR,Darius Jennings,X,X,X,X,X,X,X,X,X,X,X,X,8.5,X,X,6.7,10.5,8.57,8.60,8.57,1.90
WR,Brandon LaFell,X,X,X,X,X,X,4.5,8.7,18.2,8.6,10.6,7.6,6.7,8.2,12.8,3.8,2.7,8.40,6.88,7.63,4.39
WR,Ty Montgomery,X,7.7,9.4,5.5,15.9,3.5,X,X,X,X,X,X,X,X,X,X,X,8.40,0.00,0.00,4.75
WR,Marquess Wilson,7.9,2,X,14,20.5,7.4,X,2.4,2.5,1.1,17.2,8.4,X,X,X,X,X,8.34,0.00,8.90,6.84
WR,Darrius Heyward-Bey,9.8,17.7,4.9,13.1,4.4,X,X,X,X,X,X,X,3.1,X,X,2,9.4,8.05,5.70,4.83,5.45
WR,Jaelen Strong,X,X,X,X,19.3,1.5,X,X,X,X,X,X,X,1.6,10.3,3.8,11.6,8.02,6.83,6.83,7.03
WR,Malcom Floyd,3.9,13.5,10.3,3,7.8,14.5,1.7,25.2,X,X,X,2.2,1.5,8.6,3.7,7.2,X,7.93,6.50,4.64,6.77
WR,Albert Wilson,5.5,X,X,X,X,14.7,10.1,4.2,X,2.6,9.6,6.3,3.2,18.7,7.5,6.9,5.4,7.89,9.63,7.53,4.77
WR,Devin Funchess,1.9,2.5,2.4,X,X,4.4,3,1.8,16.1,6.1,16.4,3.9,8.3,5.5,11,X,27,7.88,14.50,11.17,7.38
WR,Rashad Ross,X,X,10.7,5.3,X,2.6,X,X,X,X,X,X,X,4.7,X,X,15.1,7.68,9.90,9.90,5.11
WR,Jerricho Cotchery,14.5,2.1,X,X,X,4.1,2.3,3.8,11.2,2.6,9.7,12.3,11.6,3,8.7,8,13.2,7.65,8.23,8.64,4.53
WR,T.J. Jones,X,X,X,X,X,X,X,X,X,X,X,X,5.7,7.3,X,9.9,X,7.63,8.60,7.63,2.12
WR,Louis Murphy,X,11.2,9.1,5.6,X,X,3.9,X,X,X,X,X,X,X,X,X,X,7.45,0.00,0.00,3.31
WR,Kenny Stills,2.2,2.8,X,19.1,X,6.6,X,8.8,10.4,X,13.2,3.2,X,12.9,3.3,4.4,2.1,7.42,5.68,6.52,5.49
WR,Eddie Royal,1.8,11.1,4.7,18.4,X,9.9,X,3.1,X,X,X,X,X,2.5,8.1,7.1,X,7.41,5.90,5.90,5.28
WR,Corey Brown,3.3,14.7,1.2,1.3,X,5.7,6.8,14.6,11.8,1.8,X,X,2.7,9.8,14.1,6.9,8.8,7.39,9.90,7.35,5.01
WR,Lance Moore,3.2,3.4,3,4.1,17.5,24.6,X,11.9,X,11.9,3.1,2.4,X,X,2,1.6,X,7.39,1.80,4.20,7.44
WR,Riley Cooper,5.5,X,X,15.2,6.2,16.6,X,X,X,X,6.2,3.6,2.4,5.8,4.2,X,X,7.30,5.00,4.44,5.05
WR,Brandon Coleman,14.1,6.3,1.9,4,X,X,3.4,2.4,7.8,2.4,X,X,17.3,6.2,X,8.5,13.1,7.28,9.27,9.50,5.11
WR,Andre Holmes,X,8,7.3,X,X,X,X,19.4,X,10.4,X,1.9,1.1,X,3.7,6.3,X,7.26,5.00,4.68,5.83
WR,Josh Bellamy,X,11.8,X,X,9.1,X,X,X,1.6,X,9.7,X,2.6,X,1.7,X,13.9,7.20,7.80,6.98,5.14
WR,Chris Hogan,X,2.1,13.2,9.3,14.4,5.1,11.6,X,X,X,15.5,6.4,2.2,4,2.3,5.9,1.6,7.20,3.45,5.41,5.03
WR,Roddy White,12.4,X,X,2.8,4.3,11.3,7.8,4.4,3,X,6.4,12,6.3,7.5,7.7,11.7,2,7.11,7.23,7.66,3.61
WR,Greg Salas,X,X,X,X,X,X,X,X,X,X,X,X,X,X,X,X,7.1,7.10,7.10,7.10,#DIV/0!
WR,Mike Wallace,12.3,6.8,7.9,22.3,X,4.3,7.6,X,1.4,3.2,0.6,X,6.3,13.2,6.7,3.1,3.2,7.06,6.55,5.19,5.72
WR,Chris Owusu,9.5,X,X,X,X,X,4.5,X,X,X,X,X,X,X,X,X,X,7.00,0.00,0.00,3.54
WR,Andrew Hawkins,5.4,7.3,3.8,4.7,13.9,3.5,4.1,X,X,12.9,X,X,X,X,X,X,X,6.95,0.00,12.90,4.16
WR,Brandon Tate,X,X,X,12.5,X,X,X,X,1.4,X,X,X,X,X,X,X,X,6.95,0.00,0.00,7.85
WR,Keshawn Martin,X,X,12.3,X,4.3,4.9,X,X,X,X,X,1.8,7.5,10.3,5.6,14.4,1.4,6.94,7.93,6.83,4.56
WR,Javontee Herndon,X,X,X,X,X,X,X,X,X,X,7.7,X,5,9.7,8.5,4.6,6.1,6.93,7.23,6.93,2.03
WR,Miles Austin,4.2,X,X,13.1,X,9,9.2,X,3.7,X,X,2.2,X,X,X,X,X,6.90,0.00,2.20,4.19
WR,Bryan Walters,3.7,X,4.8,4.7,10.4,16.7,1.5,X,16.4,5.9,5.5,1.4,3.8,X,X,X,X,6.80,0.00,4.15,5.38
WR,Kenbrell Thompkins,X,X,X,X,X,X,X,10.1,8.5,1.2,X,X,X,X,7,6.7,X,6.70,6.85,4.97,3.36
WR,Griff Whalen,X,X,X,2.6,X,11,X,9.8,12.3,X,4,X,2.9,X,1.9,X,X,6.36,1.90,2.93,4.48
WR,Josh Huff,3.9,4,X,X,17.8,4.9,2.5,X,3,11.3,10.9,2.1,X,4.8,9.2,1.8,X,6.35,5.27,6.68,4.91
WR,Harry Douglas,10.4,1.3,5,X,3.7,2.1,X,X,12.3,5.6,3.6,11.9,1.8,9.5,3.5,12.9,3.9,6.25,7.45,6.59,4.21
WR,Daniel Brown,X,X,X,X,X,X,X,X,X,X,X,X,2.7,9.7,X,X,X,6.20,9.70,6.20,4.95
WR,Cody Latimer,X,X,X,X,X,X,X,X,X,6,10.7,1.7,X,X,X,X,X,6.13,0.00,6.13,4.50
WR,Justin Hunter,2.1,5.4,3.9,X,7.8,8.4,3.7,3.7,10.7,8.7,X,X,X,X,X,X,X,6.04,0.00,8.70,2.94
WR,Stedman Bailey,8.8,1,X,11,10.3,X,1.8,X,3.3,X,X,X,X,X,X,X,X,6.03,0.00,0.00,4.50
WR,Tyvon Branch,X,X,X,X,X,X,X,X,X,X,X,X,X,X,6,X,X,6.00,6.00,6.00,#DIV/0!
WR,Kaelin Clay,X,X,X,X,X,X,X,X,X,X,X,6,X,X,X,X,X,6.00,0.00,6.00,#DIV/0!
WR,Marc Mariani,X,X,X,X,X,X,X,2.9,4.3,X,2,6.5,5.3,5.7,6.1,5.2,14,5.78,7.75,6.40,3.42
WR,Chris Givens,X,1.7,2.4,X,X,3.8,3.5,8.7,X,13.7,4.5,6,9.8,X,2.5,6.5,X,5.74,4.50,7.17,3.71
WR,Mohamed Sanu,5.4,2.5,5.4,12.4,11.9,5.8,X,3,14,1.5,4.1,1.8,0.7,4.4,3,12.9,2.7,5.72,5.75,3.89,4.47
WR,Ricardo Lockette,X,X,3.3,X,X,12.3,X,1.3,X,X,X,X,X,X,X,X,X,5.63,0.00,0.00,5.86
WR,Nelson Agholor,1.5,6.1,X,8.4,1.5,X,X,X,X,6.2,4.1,3.5,X,15.2,X,5.5,4.3,5.63,8.33,6.47,3.98
WR,Justin Perillo,X,X,X,X,X,X,X,X,X,16.8,X,2.9,X,1.3,1.5,X,X,5.63,1.40,5.63,7.48
WR,Ryan Grant,2.5,7.5,2.9,9.5,1.4,4.2,14.4,X,X,X,X,2.9,X,X,2.3,3.4,10.8,5.62,5.50,4.85,4.28
WR,Quinton Patton,X,6.5,1.7,7.3,2.6,11.8,1.2,5.3,10,X,3.5,1.6,X,9.6,6.7,3.8,4.3,5.42,6.10,4.92,3.37
WR,Michael Campanaro,1.8,X,3.9,10.5,X,X,X,X,X,X,X,X,X,X,X,X,X,5.40,0.00,0.00,4.54
WR,Chris Conley,X,X,2.6,7.3,1.6,4.6,18.3,1.6,X,X,2.7,X,X,X,X,X,4.2,5.36,4.20,3.45,5.56
WR,Jarius Wright,3.7,5.6,5.8,X,X,8.9,6.1,1.8,2.2,1.2,9,3.3,4.4,9.1,6.2,8.7,4.1,5.34,7.03,5.75,2.70
WR,Adam Humphries,3.4,X,X,X,X,X,X,4.4,10.5,4.5,9,4,1.6,7.6,X,2,X,5.22,4.80,4.78,3.11
WR,Terrelle Pryor,X,X,X,X,X,X,X,X,X,X,X,X,X,X,X,X,5.2,5.20,5.20,5.20,#DIV/0!
WR,Dwayne Bowe,X,X,X,X,X,X,X,X,6.1,X,X,X,X,X,4.2,X,X,5.15,4.20,4.20,1.34
WR,Rashad Greene,15.8,2.7,X,X,X,X,X,X,X,X,1.2,4.7,9.5,8.8,0.9,1.2,1.5,5.14,3.10,3.97,5.18
WR,Devin Smith,X,X,6.9,3.4,X,X,1.7,X,X,2.2,X,11.3,X,X,X,X,X,5.10,0.00,6.75,4.02
WR,Greg Jennings,5.9,X,2,4.5,X,2.3,5.7,X,X,1.9,X,8.9,X,3.2,X,X,11.4,5.09,7.30,6.35,3.29
WR,Deonte Thompson,X,X,X,X,X,X,X,X,X,X,X,X,X,4.6,X,X,5.5,5.05,5.05,5.05,0.64
WR,Corey Fuller,X,X,X,X,7.6,X,X,X,X,X,X,X,2.5,X,X,X,X,5.05,0.00,2.50,3.61
WR,Jared Abbrederis,X,X,X,X,X,X,X,X,X,9.7,X,X,2.6,X,6.3,1.5,X,5.03,3.90,5.03,3.73
WR,Quincy Enunwa,X,3.7,10,X,X,3.7,X,X,X,X,4.2,4.9,5.7,2,X,8.9,1.5,4.96,4.13,4.53,2.87
WR,Marqise Lee,X,5.9,2.3,X,X,X,X,X,X,2.1,X,2.3,3.1,3.1,6.6,12.5,6,4.88,7.05,5.10,3.37
WR,Taylor Gabriel,4,0.7,5.8,8.2,11.5,1.5,4.5,7.2,1.3,4.6,X,X,X,X,3.8,X,X,4.83,3.80,4.20,3.24
WR,Tre McBride,X,X,X,X,X,X,X,X,X,X,X,X,X,X,X,8.8,0.8,4.80,4.80,4.80,5.66
WR,Phillip Dorsett,5.5,3.5,12.3,3.1,1.9,5,1.8,X,X,X,X,X,X,X,1.1,5.1,7.9,4.72,4.70,4.70,3.37
WR,Preston Parker,4.6,4.7,X,X,X,X,X,X,X,X,X,X,X,X,X,X,X,4.65,0.00,0.00,0.07
WR,Cameron Meredith,X,6.6,X,X,9.2,1.7,X,X,X,X,1.6,X,X,X,X,X,3.9,4.60,3.90,2.75,3.28
WR,De'Anthony Thomas,2.1,3,2.5,1.7,10.9,0.1,4.5,12.2,X,7.7,0.7,X,X,X,X,X,X,4.54,0.00,4.20,4.27
WR,Aaron Dobson,1.9,15.7,1.5,X,X,X,3.8,X,X,1.5,2.7,X,X,X,X,X,X,4.52,0.00,2.10,5.55
WR,Andrew Turzilli,X,X,X,X,X,X,X,X,X,X,X,X,X,4.5,X,X,X,4.50,4.50,4.50,#DIV/0!
WR,Nick Williams,1.5,2.2,1.6,1.8,2.3,2.1,7.3,X,X,X,X,10.6,7.5,8,X,X,X,4.49,8.00,8.70,3.45
WR,Justin Hardy,X,X,X,X,X,X,X,4.1,5.7,X,1.7,4.1,5.4,1.9,6.6,3.5,7.4,4.49,4.85,4.37,1.97
WR,Keith Mumphery,4.3,X,X,9.6,6.3,2.8,2.6,1.3,X,X,X,X,X,X,X,X,X,4.48,0.00,0.00,3.03
WR,Adam Thielen,X,X,3.6,13,X,X,4,X,X,1.4,X,X,X,1.7,0.8,1.5,9.3,4.41,3.33,2.94,4.41
WR,Marquise Goodwin,X,X,X,X,4.4,X,X,X,X,X,X,X,X,X,X,X,X,4.40,0.00,0.00,#DIV/0!
WR,Andre Roberts,6.6,1,2.8,X,X,1.6,7.9,X,4.6,X,6,X,X,X,X,X,X,4.36,0.00,6.00,2.63
WR,Jordan Norwood,4.5,4.4,5.7,X,3.5,0.9,X,X,X,X,1.8,X,X,1.5,4.9,7.7,7.8,4.27,5.48,4.74,2.41
WR,Chris Matthews,1.8,2.3,X,3.1,X,2.2,X,X,X,X,X,X,X,3.1,1.6,10.9,9.1,4.26,6.18,6.18,3.61
WR,Bruce Ellington,2.5,X,X,X,5.9,X,X,2.8,2.9,X,X,X,1,X,X,8.5,5.4,4.14,6.95,4.97,2.57
WR,Donteea Dye,X,X,X,X,X,X,X,X,X,X,X,X,X,2.6,X,2.5,7.1,4.07,4.07,4.07,2.63
WR,Brenton Bersin,X,X,2.3,9.4,X,X,X,X,X,X,2.5,2.2,X,X,X,X,3.5,3.98,3.50,2.73,3.07
WR,Russell Shepard,1.6,X,X,X,X,X,X,X,X,X,7.4,X,X,X,X,2.8,X,3.93,2.80,5.10,3.06
WR,Jaron Brown,1.8,10,X,3,X,X,1.3,4.9,X,6.8,X,X,X,1.1,2.5,X,X,3.93,1.80,3.47,3.13
WR,Jason Avant,X,X,2.8,8.3,X,1.4,3.1,X,X,X,4.6,X,X,X,3.2,X,3.5,3.84,3.35,3.77,2.18
WR,DeAndrew White,X,3.8,X,X,X,X,X,X,X,X,X,X,X,X,X,X,X,3.80,0.00,0.00,#DIV/0!
WR,Andre Caldwell,1.1,1.6,1.2,X,X,3.8,X,3.4,X,9.3,X,8.8,0.3,X,X,X,X,3.69,0.00,6.13,3.51
WR,Myles White,X,X,X,X,X,X,X,1.8,1.3,3.8,X,X,1.5,X,2,11.4,X,3.63,6.70,4.68,3.91
WR,Bennie Fowler,X,X,9,2.1,6.6,X,X,4.1,4.2,2.7,X,1.8,X,2.2,X,2.3,1.3,3.63,1.93,2.06,2.45
WR,Charles Johnson,4.7,4,1.9,X,X,X,3.1,4.5,3.5,X,X,X,X,X,X,X,X,3.62,0.00,0.00,1.03
WR,Marlon Moore,X,X,2.5,X,X,X,X,X,X,X,X,8,2.4,4.3,3,0.9,X,3.52,2.73,3.72,2.45
WR,Bradley Marquez,X,X,X,X,X,X,X,1.5,1.3,3.9,X,4.3,4.6,5.2,X,X,X,3.47,5.20,4.50,1.66
WR,Devin Street,X,2.8,X,X,2.3,X,9.5,X,X,2,2.9,X,1.8,X,X,X,2.1,3.34,2.10,2.20,2.75
WR,Vincent Brown,X,X,X,X,X,X,X,X,X,X,X,X,X,3.2,X,X,X,3.20,3.20,3.20,#DIV/0!
WR,Marlon Brown,4.5,3.2,4.9,2.9,1,1.9,5.2,X,X,1.6,X,X,X,X,X,X,X,3.15,0.00,1.60,1.59
WR,Tyler Murphy,2.6,X,X,X,X,X,X,X,X,X,X,X,X,X,X,X,X,2.60,0.00,0.00,#DIV/0!
WR,Cordarrelle Patterson,1.1,X,0.9,1.9,X,X,X,X,X,6.6,X,X,6,X,X,X,-1,2.58,-1.00,3.87,3.04
WR,Brian Quick,X,X,X,X,2,X,X,1.5,0.9,4.7,X,2.8,2.4,X,X,1.6,4.3,2.53,2.95,3.16,1.35
WR,Mario Alford,X,X,X,X,X,X,X,X,X,X,X,X,2.5,X,X,X,X,2.50,0.00,2.50,#DIV/0!
WR,Kasen Williams,X,X,X,X,X,X,X,X,X,X,X,X,X,X,X,X,2.3,2.30,2.30,2.30,#DIV/0!
WR,Chandler Worthy,X,3.5,0.9,X,X,X,X,X,X,X,X,X,X,X,X,X,X,2.20,0.00,0.00,1.84
WR,Kevin Smith,X,X,X,X,X,X,X,X,X,X,X,X,X,1.5,X,X,2.7,2.10,2.10,2.10,0.85
WR,Sammie Coates,X,X,X,2.1,X,X,X,X,X,X,X,X,X,X,X,X,X,2.10,0.00,0.00,#DIV/0!
WR,Hakeem Nicks,X,X,X,X,X,X,X,X,X,X,X,1.4,1.7,1.5,2,1.4,4.4,2.07,2.33,2.07,1.17
WR,Geremy Davis,X,1.5,X,X,2.6,X,X,X,X,X,X,X,X,X,X,X,X,2.05,0.00,0.00,0.78
WR,Lucky Whitehead,X,X,X,X,0.7,X,3.5,0.2,1.8,1,X,1.4,5,1.5,3.2,X,X,2.03,2.35,2.42,1.55
WR,Darren Waller,X,X,X,2.7,1.1,X,X,X,X,X,X,X,X,X,X,X,X,1.90,0.00,0.00,1.13
WR,Ben Edwards,X,X,X,X,X,X,X,X,X,X,X,X,X,X,X,1.9,X,1.90,1.90,1.90,#DIV/0!
WR,Rod Streater,1.8,X,X,X,X,X,X,X,X,X,X,X,X,X,X,X,X,1.80,0.00,0.00,#DIV/0!
WR,Chris Harper,X,X,X,X,X,X,X,X,X,X,X,X,X,X,X,X,1.6,1.60,1.60,1.60,#DIV/0!
WR,Rod Smith,X,X,X,X,X,X,X,X,X,X,X,1.6,X,X,X,X,X,1.60,0.00,1.60,#DIV/0!
WR,B.J. Daniels,X,X,X,2.2,X,X,X,X,X,X,X,X,1.6,X,X,0.9,X,1.57,0.90,1.25,0.65
WR,Jonathan Krause,X,X,X,X,X,X,X,X,X,X,X,X,1.4,X,X,1.7,X,1.55,1.70,1.55,0.21
WR,Brittan Golden,X,X,X,X,X,X,X,X,X,X,X,X,X,X,X,X,1.5,1.50,1.50,1.50,#DIV/0!
WR,Seyi Ajirotutu,X,X,X,X,X,X,X,X,X,X,X,1.4,X,X,X,X,X,1.40,0.00,1.40,#DIV/0!
WR,Eric Weems,X,X,X,X,X,X,X,2.1,X,X,X,X,X,X,0.4,X,X,1.25,0.40,0.40,1.20
WR,T.J. Graham,X,X,X,X,X,X,X,X,X,X,X,0.9,1,X,X,X,X,0.95,0.00,0.95,0.07
WR,Tony Washington,X,X,X,0.8,X,X,X,X,X,X,X,X,X,X,X,X,X,0.80,0.00,0.00,#DIV/0!